{"cameraMode":{"drawMode":0,"name":"Shaded","section":"Shading Mode"},"sceneLighting":false,"audioPlay":false,"sceneViewState":{"showFog":true,"showMaterialUpdate":false,"showSkybox":false,"showFlares":true,"showImageEffects":true,"showParticleSystems":true},"in2DMode":false,"pivot":{"x":4.391761779785156,"y":0.8320311307907105,"z":0.33202412724494936},"rotation":{"x":-0.0402805432677269,"y":0.03006814606487751,"z":-0.0012126450892537833,"w":-0.9987369179725647},"size":9.584761619567871,"orthographic":false}