{"cameraMode":{"drawMode":0,"name":"Shaded","section":"Shading Mode"},"sceneLighting":false,"audioPlay":false,"sceneViewState":{"showFog":true,"showMaterialUpdate":false,"showSkybox":false,"showFlares":true,"showImageEffects":true,"showParticleSystems":true},"in2DMode":false,"pivot":{"x":10.596915245056153,"y":-2.7375428676605226,"z":0.4170604348182678},"rotation":{"x":-0.0402805432677269,"y":0.03006814606487751,"z":-0.0012126450892537833,"w":-0.9987369179725647},"size":9.20323657989502,"orthographic":false}